134841,Donna Brown,F,donna.brown@aol.com,1983-09-14,2013-07-17,129836,544-81-5182,212-434-7910
153989,Jack Alexander,M,jack.alexander@gmail.com,1995-05-19,2017-01-05,82965,428-99-9413,702-603-3769
158666,Rebecca Stewart,F,rebecca.stewart@gmail.com,1961-08-11,1983-04-10,160043,202-84-8294,209-233-7631
162402,Diana Peterson,F,diana.peterson@hotmail.co.uk,1987-11-13,2014-02-17,43010,512-33-6767,479-783-5656
212893,Janet Henderson,F,janet.henderson@ntlworld.com,1979-12-24,2012-12-18,114481,018-94-7340,239-769-6347
214352,Theresa Lee,F,theresa.lee@gmail.com,1992-12-05,2015-01-19,197537,055-02-9969,319-553-8919
225925,Paul Cooper,M,paul.cooper@gmail.com,1991-08-12,2014-09-08,73526,613-87-0084,210-984-4722
226714,Nancy Davis,F,nancy.davis@ibm.com,1983-11-14,2012-08-25,94986,224-99-5928,219-610-3067
227922,Amanda Hughes,F,amanda.hughes@rediffmail.com,1982-07-29,2007-04-19,114257,311-35-2540,225-544-9700
241882,Debra Wood,F,debra.wood@hotmail.com,1969-10-30,1991-01-10,84318,342-11-6695,308-646-6219
247137,Alan Rivera,M,alan.rivera@apple.com,1978-12-11,2006-06-07,154810,399-31-7149,423-277-6819
253573,Sharon Lopez,F,sharon.lopez@gmail.com,1991-05-04,2014-03-07,190139,064-02-2589,304-934-5548
301576,Wayne Watson,M,wayne.watson@gmail.com,1996-06-26,2017-07-19,92758,011-94-6649,701-231-9370
316110,Jeremy Sanchez,M,jeremy.sanchez@hotmail.com,1965-02-05,2006-04-02,178847,474-55-8883,423-974-2755
325319,Carolyn Price,F,carolyn.price@yahoo.com,1976-05-30,2014-11-05,48736,512-33-3410,217-409-4338
333476,Mary Wilson,F,mary.wilson@sbcglobal.net,1967-12-01,1991-12-22,109394,198-84-0652,423-937-8660
335732,Brenda Butler,F,brenda.butler@gmail.com,1963-12-06,1987-08-20,60508,282-15-6434,480-814-8284
380086,Carol Murphy,F,carol.murphy@gmail.com,1958-06-30,1983-01-28,60918,423-67-7023,216-336-0009
388642,Ruby Rogers,F,ruby.rogers@gmail.com,1980-05-01,2013-08-30,160623,236-55-0172,423-231-6507
400173,Dorothy Edwards,F,dorothy.edwards@hotmail.co.uk,1984-01-19,2013-12-31,179017,543-81-2192,215-902-6888
408351,Diane Evans,F,diane.evans@yahoo.com,1977-12-04,1999-04-16,180294,314-35-9851,215-793-6791
447813,Ann Coleman,F,ann.coleman@ibm.com,1989-05-11,2013-11-19,130014,027-92-0557,319-994-4179
456747,Roy Griffin,M,roy.griffin@yahoo.com,1991-05-08,2012-08-23,170895,358-08-7660,219-506-9378
461593,Nicole Ward,F,nicole.ward@yahoo.com,1964-12-12,1989-01-23,95673,196-84-2551,231-761-7861
476433,Lillian Mitchell,F,lillian.mitchell@shaw.ca,1974-10-23,1999-12-07,149878,505-59-3960,316-876-1484
477253,Anne Russell,F,anne.russell@ibm.com,1989-07-29,2013-11-24,103160,456-99-5619,605-635-1306
478003,Cynthia White,F,cynthia.white@gmail.com,1963-06-15,2004-03-04,186200,364-39-4983,314-593-3092
495141,Tammy Young,F,tammy.young@comcast.net,1979-03-22,2015-04-25,93650,771-02-7046,231-290-3075
499687,Patrick Bailey,M,patrick.bailey@aol.com,1982-09-27,2005-07-22,72305,439-99-7721,319-812-6957
515103,Anne Perez,F,anne.perez@sbcglobal.net,1958-05-05,2003-07-28,114426,594-99-9091,423-837-3338
524896,Judy Hernandez,F,judy.hernandez@gmail.com,1961-03-25,2011-12-27,133332,534-71-4481,316-736-6126
528509,Paula Diaz,F,paula.diaz@gmail.com,1966-08-22,1994-08-22,152654,234-57-7671,252-531-7641
622406,Thomas Lewis,M,thomas.lewis@gmail.com,1967-10-04,1998-06-07,73862,467-99-2604,314-679-3697
623929,Jimmy Howard,M,jimmy.howard@yahoo.com,1966-11-27,2007-12-12,120631,610-87-0251,212-855-9316
639892,Jose Hill,M,jose.hill@hotmail.com,1994-10-08,2016-07-09,129774,171-86-3825,228-245-5000
683826,Roger Roberts,M,roger.roberts@gmail.com,1969-07-07,2009-01-29,129625,120-98-6493,206-497-3141
732017,Cynthia Ramirez,F,cynthia.ramirez@btinternet.com,1982-09-22,2009-02-18,90531,355-08-4606,406-961-7340
750173,Antonio Roberts,M,antonio.roberts@hotmail.com,1995-08-27,2017-05-01,181646,281-15-7944,205-267-7304
765850,Linda Moore,F,linda.moore@gmail.com,1991-08-18,2017-05-15,113256,286-15-5442,215-793-7095
766610,Joyce Jenkins,F,joyce.jenkins@aol.com,1961-08-22,2010-05-14,119321,695-16-6506,262-455-4187
818384,Peter Washington,M,peter.washington@bp.com,1982-11-06,2009-11-29,173226,039-74-8867,231-322-0316
867084,Deborah Smith,F,deborah.smith@yahoo.com,1977-10-31,2002-03-04,52767,173-86-6203,907-279-8694
870820,Martha Washington,F,martha.washington@aol.com,1991-03-28,2017-03-03,116629,416-67-0297,405-945-0242
879753,Pamela Wright,F,pamela.wright@aol.com,1996-04-14,2017-06-09,149262,459-99-9201,307-329-8832
883936,Douglas Flores,M,douglas.flores@gmail.com,1986-04-21,2009-09-10,181793,324-11-6837,303-836-4721
893212,Amy Howard,F,amy.howard@aol.com,1981-06-16,2003-06-01,112715,686-24-2843,803-613-3168
917395,Christopher Nelson,M,christopher.nelson@aol.com,1960-03-29,1997-11-08,190765,120-98-6155,480-946-9780
940761,Brenda Robinson,F,brenda.robinson@gmail.com,1970-07-31,2008-07-27,51063,537-71-4566,225-945-4954
940922,Melissa Butler,F,melissa.butler@hotmail.com,1994-11-14,2017-02-05,167631,301-15-9149,308-827-9016
969580,Matthew Turner,M,matthew.turner@gmail.com,1993-10-26,2016-02-07,52237,598-92-1988,236-972-7624
